IP_Address,Mouse_Movement_Speed,Typing_Speed,Click_Patterns,Initial_Interaction_Time,Scroll_Speed,Action_Count,Label
57.12.140.125,494,116,484,1294,304,17,0
114.71.52.44,742,141,511,1806,320,12,1
216.16.15.47,554,91,585,1747,357,10,0
111.119.13.101,404,75,598,1552,385,7,0
214.112.229.142,372,99,338,1089,380,12,0
3.81.216.174,607,96,511,1568,464,17,1
142.79.110.172,331,130,370,1495,368,14,0
52.47.194.49,640,93,446,1494,313,14,0
183.176.135.22,576,83,497,2047,401,9,0
235.63.193.40,513,114,464,1410,325,19,1
150.185.98.35,293,63,422,1651,290,14,0
23.116.148.40,593,71,414,1917,286,16,0
119.51.194.142,449,114,523,2128,417,8,0
232.186.83.189,582,77,511,1405,408,14,0
181.107.136.36,402,89,530,1917,443,13,1
87.125.83.236,402,101,520,1668,416,12,0
194.138.112.166,559,134,545,1837,355,18,1
28.117.16.161,563,124,570,1758,434,17,1
205.137.33.108,514,130,745,1902,403,14,1
161.108.255.202,522,75,625,831,402,14,0
234.73.135.71,454,82,478,1969,404,12,1
126.134.219.204,447,120,579,1549,323,17,0
185.112.70.252,570,104,668,1724,446,16,1
46.24.56.78,609,105,491,2337,468,20,1
81.216.32.197,628,136,668,1602,369,15,1
195.239.128.5,448,121,733,1676,408,15,1
58.136.174.57,408,119,493,2322,344,14,1
150.222.80.232,684,153,512,1560,252,19,1
1.134.91.54,591,97,686,1636,424,14,1
152.101.78.191,485,128,619,1745,450,18,1
82.0.165.250,613,91,554,1741,364,12,0
9.57.185.157,472,95,535,1571,223,8,0
122.29.123.40,674,140,630,1435,389,15,1
43.248.35.64,565,120,475,1641,270,13,1
65.243.84.135,760,121,689,1621,499,17,1
216.108.102.159,633,111,610,1494,278,10,0
204.191.224.231,534,103,574,1899,492,19,1
61.126.115.32,556,73,501,1627,408,13,0
173.10.117.112,524,69,367,1035,290,13,0
3.36.30.117,595,51,551,1802,275,15,0
34.16.169.36,366,131,556,1583,370,16,0
121.142.248.109,528,68,499,1888,293,13,0
67.242.124.242,662,106,696,1904,418,14,1
208.97.48.49,386,104,564,2082,381,11,1
220.181.216.210,443,116,645,1910,298,14,1
239.27.50.31,359,126,503,2148,269,15,1
206.173.55.127,532,127,592,1926,426,17,1
98.97.229.71,531,78,489,1488,312,13,0
216.93.142.236,706,107,615,2398,376,18,1
127.38.226.50,566,116,561,2025,456,15,1
25.7.47.121,620,85,493,1669,423,13,0
85.208.248.246,423,142,669,1440,394,20,1
109.205.30.84,294,100,465,1167,326,15,0
194.1.199.135,553,125,450,1864,444,16,1
232.146.216.249,498,103,662,1554,261,12,0
79.97.151.111,555,133,719,1619,426,15,1
29.31.160.29,356,114,478,1823,447,14,1
25.244.80.29,452,64,567,1943,391,12,0
41.95.35.34,333,98,459,1702,224,16,0
120.206.61.126,526,77,528,1206,299,13,0
20.41.214.161,496,80,531,1484,291,10,0
133.104.160.122,368,102,483,1297,354,19,0
135.202.67.153,410,115,434,1410,378,14,0
234.161.37.4,357,90,442,1403,443,9,0
234.51.37.109,454,96,422,1386,316,12,0
135.67.178.35,652,144,520,1446,380,17,1
125.189.145.80,462,115,588,1750,485,21,1
224.154.4.153,510,142,440,1363,366,10,0
53.68.135.59,507,121,656,994,493,19,1
54.79.139.144,481,75,728,2339,430,21,1
107.175.104.135,548,125,542,2078,337,15,1
250.128.26.47,457,118,616,1683,326,16,1
216.141.22.1,406,116,549,1520,248,11,0
170.66.134.82,441,123,637,1468,454,16,1
226.218.4.57,653,87,511,1972,424,13,0
38.76.18.189,562,86,661,2297,530,18,1
75.220.65.21,490,106,638,1827,465,20,1
157.186.20.183,579,93,483,2061,486,14,1
107.127.52.181,449,78,583,1562,310,8,0
208.79.121.83,537,122,674,1424,337,16,1
90.211.12.91,521,123,436,1403,402,14,0
170.210.127.136,633,118,598,1820,438,17,1
81.55.195.19,409,66,566,1392,354,13,0
240.113.102.235,502,119,576,1725,436,17,1
179.156.116.114,434,114,601,1490,368,18,0
12.98.204.168,235,78,717,1493,430,15,0
142.35.142.179,410,107,524,1799,494,15,1
204.169.14.59,594,90,380,1228,382,12,0
133.91.135.19,720,94,622,1591,466,16,1
55.222.176.160,534,123,659,1438,444,21,1
223.59.197.97,615,108,574,2049,382,16,1
130.22.223.0,589,118,725,1216,460,16,1
100.186.220.35,860,92,474,2096,322,15,1
169.160.63.153,668,101,657,2159,479,20,1
158.209.167.206,546,124,540,1703,335,22,1
151.65.98.215,465,103,749,1082,430,18,1
194.89.154.207,401,144,774,1687,357,17,1
0.155.146.107,578,102,526,1767,447,17,1
220.164.238.226,484,114,545,1512,409,10,1
226.109.242.86,321,109,582,1375,245,16,0
43.145.171.47,397,62,470,1928,374,14,0
120.158.115.101,453,75,590,1964,375,18,1
75.12.23.125,724,80,597,1535,468,14,1
243.37.233.212,645,135,422,1353,412,15,1
99.196.253.204,558,99,593,1696,437,15,1
124.75.2.54,704,161,532,1727,350,19,1
217.112.90.237,566,99,550,1918,374,15,1
25.127.62.233,474,114,724,1640,382,22,1
68.237.162.226,708,141,481,1923,466,18,1
218.228.81.243,513,130,578,2037,455,10,0
230.132.126.141,457,151,569,2005,360,16,1
248.122.140.225,442,114,479,1502,416,12,0
39.146.120.139,473,130,666,1735,273,10,1
171.163.41.70,423,122,625,1688,335,21,1
77.118.196.78,551,106,556,1833,286,16,0
109.32.212.208,746,99,682,1615,325,18,1
169.238.212.31,323,74,475,1527,246,14,0
105.215.199.10,614,110,539,1798,438,12,1
194.244.3.180,495,107,497,1649,398,15,1
152.199.214.112,413,81,430,1144,372,16,0
249.112.139.223,500,124,860,1872,456,13,1
248.14.199.172,376,109,617,1498,364,6,0
207.84.239.65,563,112,473,1920,454,16,1
13.201.13.42,379,119,385,1370,343,13,0
219.69.236.93,487,67,548,1844,272,14,0
25.133.194.167,554,106,644,1548,479,19,1
108.232.167.172,535,96,644,2247,374,18,1
194.142.215.129,372,53,482,1043,288,14,0
41.240.9.26,502,108,583,1902,400,20,1
179.114.35.20,633,108,624,1913,353,12,1
15.126.102.10,608,140,602,1570,385,18,1
78.122.64.242,365,103,305,1629,370,15,0
58.111.238.131,470,70,484,1860,370,10,0
188.85.58.83,534,127,428,916,290,9,0
159.55.13.159,297,114,520,1650,316,11,0
192.203.101.38,514,102,773,841,416,12,0
124.52.154.61,396,86,538,1254,379,16,0
21.177.219.189,516,71,476,1954,480,12,0
35.174.6.215,386,83,587,1357,423,11,0
250.54.221.185,284,112,548,1198,421,12,0
235.78.222.90,399,147,632,1731,323,20,1
138.247.238.223,465,121,559,2073,396,14,0
137.165.125.44,584,100,780,1290,408,16,1
142.230.124.237,470,88,493,1501,376,16,1
194.172.14.253,621,113,637,2189,422,20,1
166.93.249.108,298,55,421,2016,408,11,0
181.132.174.143,454,96,554,1487,380,17,0
141.5.97.43,342,87,422,1180,291,14,0
123.208.250.123,397,81,467,2080,395,13,0
243.251.229.8,563,78,568,2215,371,24,1
47.150.113.207,376,100,592,1698,361,10,0
124.156.188.242,423,79,587,1295,328,13,0
176.217.169.180,559,67,392,1501,333,10,0
232.138.156.128,404,33,509,1471,397,16,0
118.61.98.161,542,90,441,1604,281,18,0
61.94.98.110,448,145,481,2176,536,21,1
247.141.144.51,512,123,485,1752,231,17,0
99.151.116.184,700,101,567,1494,373,16,1
91.154.7.64,218,78,723,1886,371,12,0
140.23.27.149,480,119,633,1869,449,12,1
64.251.52.6,517,70,381,1700,341,19,0
145.240.245.225,441,96,454,1910,344,15,0
174.94.26.129,595,125,686,1484,438,15,1
244.58.33.205,499,134,782,1775,397,20,1
251.37.27.77,567,108,452,1641,501,14,1
76.155.43.127,445,86,335,1091,401,15,0
60.213.115.194,673,92,763,1878,467,16,1
230.226.152.219,485,74,540,2193,286,15,0
156.30.50.106,494,86,426,1018,342,13,0
108.135.41.80,518,117,643,1776,392,12,1
122.88.38.80,511,128,357,1957,347,17,1
1.209.230.240,418,74,505,1548,371,17,0
149.16.118.147,499,120,534,1484,313,13,0
144.232.36.119,517,105,678,1434,453,19,1
135.101.217.58,587,110,503,1847,343,13,1
115.76.136.72,762,95,602,1580,522,16,1
36.30.84.157,546,42,421,923,290,12,0
147.224.63.239,429,108,527,1837,362,16,0
155.206.139.252,578,105,424,1773,398,14,0
224.41.20.221,421,84,468,1528,311,16,0
165.128.13.46,261,91,415,1576,402,17,0
117.10.137.20,362,100,563,1805,269,16,0
89.240.226.142,375,79,672,1845,504,17,1
92.223.251.46,426,80,483,1759,348,11,0
240.178.209.170,462,106,508,1434,309,14,0
164.53.82.168,625,65,374,1869,328,12,0
210.253.147.205,591,116,568,1871,463,15,1
18.232.45.161,439,63,500,1567,310,12,0
129.165.59.206,542,99,740,1172,300,11,0
0.236.211.27,342,109,494,1862,397,11,1
96.185.255.226,484,58,636,1290,272,12,0
26.104.136.67,536,113,594,1342,464,14,0
147.224.248.62,316,75,530,1294,311,10,0
14.122.81.159,573,74,663,1227,401,14,0
7.208.47.115,494,94,538,2088,361,19,0
58.236.60.78,518,133,630,2144,348,19,1
255.149.139.212,621,90,590,2303,411,21,1
247.241.124.233,781,111,705,1454,462,18,1
74.196.97.69,478,99,603,1534,335,17,0
35.141.212.174,485,104,448,1165,424,11,0
136.1.144.152,415,94,386,1327,413,12,0
250.76.228.247,475,103,576,1537,470,9,1
176.170.193.233,542,74,432,1849,318,17,0
164.96.122.196,377,92,499,1408,278,18,0
119.210.22.162,566,89,706,2073,372,15,1
242.195.197.77,414,32,463,1678,360,13,0
253.18.64.169,605,119,591,2406,446,14,1
51.225.51.233,591,128,600,1385,273,18,1
7.73.209.79,660,63,671,2124,411,20,1
38.240.135.173,411,70,302,1824,358,8,0
203.41.168.194,434,102,450,1252,330,15,0
162.249.18.35,365,131,524,1786,430,13,0
120.147.116.46,417,90,613,1605,374,14,0
222.50.51.227,497,76,460,1453,431,15,0
85.153.14.23,535,86,336,1292,334,13,0
166.28.150.183,370,117,560,1320,407,13,0
191.220.74.125,644,97,537,2338,516,16,1
210.92.87.89,593,74,397,1515,431,16,0
40.195.123.254,599,100,538,1996,342,18,1
73.118.236.130,644,71,488,1301,331,14,0
235.130.4.238,385,92,450,1304,325,10,0
147.80.37.226,339,122,306,1807,379,12,0
176.153.217.128,384,116,675,1420,455,19,1
233.154.101.196,705,105,709,1672,358,17,1
247.54.121.195,623,104,653,1794,416,18,1
183.151.151.11,553,79,492,1815,282,22,1
202.140.4.25,488,108,486,1466,440,17,0
254.146.117.180,448,108,594,1891,379,17,1
112.97.128.70,700,86,558,1702,351,12,0
49.20.158.225,473,154,565,1713,328,6,0
17.186.67.46,569,116,528,1518,485,16,1
151.167.212.89,630,95,602,1708,230,16,1
102.67.187.139,606,101,636,2107,410,18,1
84.131.246.151,580,133,726,2026,405,16,1
173.58.239.38,481,112,658,1414,382,16,1
72.115.203.187,605,81,666,1879,522,11,1
46.202.7.135,743,128,602,1250,355,14,1
63.232.188.134,690,97,721,1797,461,18,1
195.190.55.119,617,127,541,2027,370,19,0
241.12.167.113,508,131,517,1529,492,16,1
32.237.154.209,462,101,721,1559,369,17,1
59.71.23.19,448,116,567,1721,301,16,0
155.252.59.49,564,111,555,1368,482,14,1
120.69.198.232,568,107,461,1344,375,15,0
189.214.79.212,295,100,531,1676,249,11,0
50.250.208.143,708,93,636,1613,377,19,1
16.189.111.227,445,77,522,1451,372,14,0
227.120.185.50,419,111,533,1715,401,14,0
188.183.31.203,361,83,657,1628,304,11,0
141.97.62.232,298,82,601,1587,161,16,0
46.108.10.25,639,91,612,1693,445,22,1
170.124.64.105,468,98,589,1614,269,11,0
35.106.110.119,432,151,502,1751,282,15,1
168.75.1.141,334,69,540,1638,166,14,0
74.66.128.89,428,91,667,1380,400,16,0
56.13.67.7,624,118,485,1465,356,12,0
183.121.165.8,435,88,428,1247,333,5,0
89.135.26.64,411,119,536,1775,500,20,1
215.58.32.243,534,89,496,1566,452,19,1
229.185.55.231,434,99,434,1214,451,8,0
113.22.154.234,196,86,471,1584,258,12,0
15.31.245.205,553,130,468,1842,409,21,1
218.55.251.227,438,114,506,1726,244,18,0
37.41.164.75,529,142,586,1398,333,16,0
33.64.140.166,642,102,423,1625,332,13,0
195.150.232.220,669,116,731,1933,452,17,1
50.58.110.220,532,114,640,1905,414,16,1
231.116.211.173,450,103,687,1562,451,20,1
232.204.212.48,713,97,445,1555,393,11,0
160.218.160.130,466,84,581,1613,485,11,0
191.78.242.34,560,113,496,1786,391,19,1
46.43.47.221,556,136,675,1221,351,16,1
49.190.66.30,578,90,610,1828,427,20,1
168.62.210.181,544,133,644,2382,360,15,1
216.26.147.159,404,116,399,1417,442,13,0
180.53.108.79,505,108,514,1588,393,14,1
246.114.55.179,457,48,558,1615,311,14,0
188.58.142.115,505,98,509,1869,381,12,1
219.13.136.14,391,116,546,1837,393,12,0
92.139.158.173,569,109,471,1445,401,12,1
179.3.92.73,534,90,671,1982,370,18,1
205.35.72.15,706,100,484,1944,518,19,1
46.110.192.214,299,127,644,1746,357,11,1
232.174.80.189,567,101,561,1606,350,17,0
159.166.43.26,681,105,532,2062,453,24,1
79.80.25.41,257,83,557,1750,243,14,0
139.226.217.248,427,82,528,1206,378,12,0
226.212.139.110,424,72,456,1736,280,22,0
58.176.220.56,323,122,414,1497,400,10,0
145.249.157.23,482,104,418,1804,350,17,1
112.202.28.3,352,114,536,1534,392,14,0
104.154.108.70,632,120,364,1474,418,17,0
130.148.167.61,552,110,513,1836,403,15,0
3.254.220.89,683,101,571,1762,428,15,1
66.194.117.181,629,118,656,1482,397,14,1
36.203.21.223,448,109,567,1678,375,15,1
9.235.39.160,507,92,565,1833,506,14,1
219.207.213.148,508,97,570,1846,303,14,0
58.207.10.166,341,67,535,1677,281,12,0
87.235.185.45,628,134,623,1555,454,12,1
223.54.124.223,437,81,547,2186,297,17,0
205.40.202.158,424,94,366,1586,287,12,0
173.113.170.86,530,96,573,1859,255,10,0
39.58.99.178,602,105,650,1744,381,16,1
179.75.120.52,523,122,503,1929,406,17,1
74.131.101.88,574,81,483,1741,363,8,0
78.38.90.252,453,127,591,2113,472,17,1
237.229.165.161,619,83,582,2070,445,13,1
77.225.34.240,617,112,625,2020,399,21,1
226.155.140.28,528,149,723,1699,399,18,1
180.37.158.236,590,90,692,1630,444,15,1
231.19.29.188,338,77,386,1604,429,11,0
146.39.46.196,649,120,650,2036,420,16,1
236.21.230.96,442,94,624,1454,317,15,0
164.243.77.31,409,97,539,1802,284,13,0
230.52.175.43,661,120,693,2177,319,16,1
88.20.126.224,391,103,686,1267,390,14,0
224.81.186.190,322,112,597,1289,384,12,0
144.198.209.173,308,98,527,1477,384,13,0
26.171.33.168,618,105,689,1868,403,10,1
48.197.145.129,433,123,608,1643,502,19,1
76.170.41.72,632,128,507,1880,317,14,0
179.158.200.66,354,107,563,1899,473,14,1
43.158.192.168,725,91,735,1795,409,22,1
65.47.216.185,579,132,521,1397,373,17,1
9.185.158.92,549,108,732,1429,449,13,1
109.174.248.98,407,47,549,1590,374,16,0
115.70.79.39,500,107,379,939,370,15,0
151.51.19.172,555,99,628,2058,417,18,1
67.192.78.83,667,108,405,1742,409,15,1
92.84.224.22,472,97,561,2390,500,15,0
210.186.121.227,475,94,584,2138,423,13,0
145.229.119.122,523,124,541,1736,458,18,1
158.240.99.188,455,81,516,1486,355,8,0
225.236.144.195,589,120,770,2053,476,15,1
214.82.102.70,391,105,549,2244,445,21,1
128.26.246.190,328,105,409,1072,349,11,0
52.63.145.42,533,102,638,1032,328,12,0
82.139.230.75,575,91,771,1617,406,15,1
223.46.113.230,540,132,595,1942,209,13,1
178.13.212.27,462,79,596,1649,361,7,0
202.191.120.197,593,126,715,2073,380,16,1
41.191.114.14,408,97,438,1191,449,14,0
163.50.171.74,482,147,551,1159,413,16,1
70.19.146.241,480,86,615,1746,271,13,0
71.240.229.2,365,83,656,1291,344,14,0
40.9.131.110,501,90,555,970,281,17,0
76.216.56.147,392,104,515,1824,442,16,1
121.154.62.24,659,126,773,1999,430,15,1
122.214.234.32,507,58,457,1482,409,13,0
56.255.8.123,584,89,564,1661,361,18,1
73.149.219.0,557,69,535,1471,350,18,0
180.123.213.95,624,109,644,1414,260,12,0
43.184.34.10,658,144,671,1421,456,17,1
199.240.22.198,378,108,632,1592,445,17,1
191.129.8.182,335,87,546,1655,379,11,0
34.176.123.53,497,111,598,1871,412,17,1
170.68.22.180,561,133,645,1830,438,12,1
173.89.237.245,511,72,277,1246,450,8,0
93.69.32.234,389,95,478,1465,329,15,0
18.150.103.22,577,129,616,1197,420,15,1
102.21.161.158,386,100,401,1563,278,14,0
203.242.129.18,401,94,539,1900,292,13,0
97.146.182.24,421,130,576,1386,418,14,1
169.139.63.188,370,36,662,1356,418,13,0
223.204.225.197,328,104,646,1603,331,10,0
173.95.254.254,463,97,553,2123,396,20,1
188.136.42.217,662,74,581,1663,385,13,1
40.220.92.150,367,100,498,1328,313,13,0
164.52.40.167,718,117,464,983,366,11,0
151.156.228.218,607,107,612,1812,316,18,1
85.227.179.228,577,129,526,2336,493,15,1
21.180.222.140,474,142,493,1859,369,15,1
29.38.207.186,627,136,651,1778,458,19,1
81.15.73.224,404,123,561,1601,266,14,0
17.64.34.120,570,125,522,1782,454,18,1
187.185.196.16,809,111,675,1565,455,14,1
78.230.189.190,451,58,448,1737,372,9,0
227.39.70.187,671,105,617,1845,348,17,1
203.160.142.127,392,73,578,1519,363,13,0
58.13.95.255,555,153,591,1521,336,18,1
198.60.134.133,732,106,635,2136,395,16,1
228.109.146.251,497,112,548,1964,477,17,1
102.62.69.37,638,101,487,1365,398,9,0
231.88.227.44,530,91,486,1785,348,19,0
163.177.33.148,503,144,527,1650,349,16,1
153.80.89.185,522,78,489,1303,389,16,0
114.62.102.71,556,94,365,1309,349,11,0
121.252.13.184,521,75,460,1036,199,14,0
188.239.66.44,307,64,479,1642,398,10,0
33.158.203.245,389,78,481,1020,346,15,0
210.209.37.64,436,89,483,1183,424,13,0
162.37.230.238,551,101,589,1224,341,17,1
176.65.93.66,619,96,638,1761,208,18,1
221.28.63.78,478,62,583,1474,365,10,0
155.84.82.165,428,108,536,1696,430,14,1
115.177.145.40,596,80,486,1503,303,18,1
128.100.140.64,618,125,501,1468,349,23,1
155.47.86.78,613,112,551,1910,588,16,1
87.172.21.14,566,61,473,1366,328,15,0
41.23.135.107,640,104,525,1870,458,16,1
213.15.254.148,603,95,478,1545,370,22,1
154.247.125.207,454,96,463,1563,214,8,0
152.232.37.30,298,117,521,1866,337,14,0
80.225.212.247,601,73,648,1943,395,12,1
237.104.174.73,579,112,544,1673,386,9,1
160.163.176.204,585,107,557,1854,404,17,1
66.189.54.163,433,123,511,1720,428,17,1
123.238.62.136,453,114,592,1787,402,16,1
230.126.72.49,662,95,518,1697,331,16,1
25.148.196.214,457,84,556,1470,379,23,0
127.81.167.160,625,94,434,1842,287,16,1
97.81.255.239,561,131,562,1516,280,18,1
255.157.254.11,463,90,532,1240,395,12,0
46.201.234.123,552,128,521,1140,380,14,0
110.180.24.25,410,89,747,1082,344,13,0
144.253.240.146,470,76,536,1186,258,12,0
4.55.220.68,513,80,504,1828,366,22,1
135.187.206.187,516,74,586,1543,395,20,1
23.205.26.99,528,78,435,1923,309,17,1
185.147.37.197,580,115,587,1794,364,10,1
230.143.60.65,512,120,520,1253,453,15,1
49.201.191.173,682,78,677,1961,503,24,1
187.73.101.205,373,108,455,1733,321,13,0
20.23.19.70,540,100,584,1516,460,20,1
170.242.233.76,417,93,447,1628,225,18,0
71.167.163.83,602,122,661,1283,390,14,0
201.153.172.250,578,128,566,1811,360,14,1
153.243.8.188,562,85,669,1173,367,6,0
169.56.213.157,413,92,668,1300,396,18,1
13.242.135.116,487,47,548,1411,432,11,0
26.245.87.194,646,96,628,1751,356,17,1
75.124.16.56,469,86,540,1407,388,10,0
97.9.225.160,663,90,421,1465,394,16,1
214.77.211.104,508,107,569,1677,401,17,1
210.241.31.70,697,111,671,1857,400,17,1
106.166.244.192,784,105,590,1772,357,13,1
160.88.235.175,523,97,468,1834,411,20,1
181.135.247.98,417,93,500,1334,343,12,0
126.142.152.115,603,99,658,1831,363,9,0
152.147.106.250,615,68,617,1197,353,13,0
162.245.178.140,507,138,589,1916,463,17,1
147.62.194.202,419,88,590,1834,407,14,0
176.74.148.21,531,110,562,1914,344,20,1
147.40.177.226,427,124,441,1730,467,16,1
131.245.109.103,370,95,421,1372,272,13,0
138.139.70.55,362,109,645,1794,385,10,0
122.124.25.115,483,116,570,1400,451,19,1
119.26.51.211,457,78,483,1253,225,14,0
169.241.51.70,581,117,568,1677,417,15,1
2.80.208.243,710,87,766,2119,382,11,1
244.102.147.164,461,112,741,1887,363,21,1
146.30.45.118,655,109,794,1523,498,13,1
19.89.213.90,538,106,580,1701,370,15,1
18.203.253.95,456,87,531,1349,296,15,0
148.19.4.152,527,53,368,1323,352,10,0
54.171.145.232,448,99,727,2049,455,12,1
252.68.239.139,596,112,489,1414,402,10,1
98.57.169.83,477,93,524,1949,422,16,0
234.131.95.7,509,70,406,1738,381,12,0
172.151.98.89,587,135,542,2079,272,25,1
207.218.167.44,701,73,429,1390,314,11,0
205.48.94.71,496,129,540,1744,376,14,1
244.165.127.3,408,99,456,1128,378,12,0
133.196.120.228,497,97,545,1643,244,17,1
136.168.154.5,406,125,580,1648,511,12,0
133.184.120.31,496,86,495,2134,445,18,1
60.238.157.81,577,108,524,1216,357,11,0
207.159.60.151,600,110,614,1416,423,10,0
188.113.112.68,503,97,548,1744,561,11,1
244.78.232.191,379,118,440,1138,403,7,0
212.241.111.126,605,105,574,1944,472,15,1
41.228.185.39,406,96,611,1319,356,13,0
57.31.103.76,621,115,612,1732,402,15,1
84.167.226.59,480,87,457,1392,317,17,0
105.250.46.228,410,126,638,1571,359,20,1
28.232.67.212,612,106,405,1513,304,13,0
233.29.236.157,734,75,656,1726,325,11,1
11.202.130.1,400,116,541,1414,343,12,0
111.37.23.216,521,77,567,1588,304,15,1
176.32.30.35,587,130,519,1871,424,15,1
241.16.146.209,591,132,515,2231,409,14,1
92.69.215.191,525,68,553,1552,357,12,0
195.229.193.192,756,102,705,2053,378,15,1
41.68.178.60,443,68,447,1139,544,12,0
91.201.65.114,480,106,636,1827,499,17,1
1.11.152.237,325,84,317,1218,268,15,0
217.194.117.126,487,125,542,1386,426,14,1
235.177.79.141,457,116,502,1315,309,17,0
96.57.16.214,636,118,423,1836,283,11,0
8.123.105.34,508,99,510,2041,326,12,1
51.17.228.24,482,86,444,1580,375,15,0
125.22.205.224,459,57,531,1101,304,11,0
119.111.28.71,675,94,578,1732,473,17,1
148.119.163.164,708,109,303,1596,411,7,0
121.154.73.113,408,122,314,1562,435,18,0
211.153.140.31,413,65,450,1017,293,15,0
89.218.253.24,661,98,636,1544,442,12,1
176.195.163.213,527,90,257,1497,388,9,0
209.76.153.192,739,116,550,1929,381,21,1
94.242.123.115,518,74,457,922,298,11,0
153.73.237.29,425,98,629,1471,451,11,0
211.213.68.198,518,81,470,1553,362,7,0
124.130.104.169,667,110,629,2014,452,15,1
40.230.189.47,541,101,517,1702,295,13,0
97.26.137.193,510,90,313,1672,269,16,0
20.37.96.111,663,101,664,1569,375,12,1
245.106.170.155,575,88,524,999,340,9,0
7.108.97.60,694,108,640,1678,343,18,1
245.124.104.203,622,103,948,2055,411,19,1
122.164.144.194,444,85,317,1891,239,9,0
238.183.157.133,573,142,750,1976,340,20,1
184.254.238.50,579,101,479,1630,390,14,0
240.163.104.189,478,104,620,1887,450,20,1
160.211.23.113,595,124,590,1634,386,16,1
74.8.133.213,422,83,466,1479,282,6,0
151.78.100.168,561,133,543,2235,346,16,1
117.194.125.255,684,117,624,1530,388,20,1
172.131.250.251,577,108,458,2220,453,14,1
235.86.180.86,563,119,662,1698,471,15,1
71.250.94.30,425,79,557,2142,380,16,1
17.38.24.3,534,68,403,1135,274,5,0
211.70.118.34,622,86,554,1943,429,21,1
77.4.111.233,672,93,618,1316,295,11,0
191.30.247.249,528,144,546,1402,378,18,1
8.3.210.6,482,134,537,1574,432,13,0
8.140.146.8,485,103,439,1787,400,17,0
220.91.54.49,713,120,663,1556,422,18,1
76.123.98.129,549,74,656,1380,330,16,1
181.136.203.40,586,99,761,1760,425,14,1
191.207.235.124,520,74,489,1491,416,16,0
115.153.41.16,577,98,655,1933,387,11,1
47.207.194.193,417,87,513,1771,434,15,0
243.28.4.87,480,81,621,1498,430,10,0
42.255.222.169,566,51,440,2015,454,17,0
48.21.117.108,458,125,662,1845,431,17,1
243.138.23.38,572,89,577,1691,449,18,1
143.16.91.161,392,95,499,1079,438,14,0
8.106.73.203,578,131,513,1444,376,8,0
39.153.83.123,409,92,617,1694,379,14,1
199.169.196.71,406,40,494,1774,319,15,0
40.177.27.50,595,104,614,1909,427,17,1
223.118.38.174,614,112,647,1196,265,17,0
203.167.15.139,552,149,683,1831,402,18,1
230.251.116.182,406,66,583,1696,418,11,0
192.221.95.194,743,120,554,2197,271,14,1
43.151.126.37,319,81,424,1754,446,14,0
42.137.78.194,343,108,680,1990,483,10,1
78.199.162.184,602,163,673,1801,382,21,1
54.46.2.157,411,60,637,1619,382,15,0
227.184.138.52,360,95,450,1852,348,17,0
67.44.95.220,628,119,574,1425,490,12,1
229.208.52.13,484,112,357,1420,410,17,0
45.181.47.166,503,112,559,1576,322,23,1
197.6.149.211,335,96,594,1617,385,10,0
198.43.124.86,644,102,553,2117,398,19,1
194.86.71.137,622,115,652,1623,417,16,1
154.137.252.74,549,103,577,1139,365,12,1
32.85.222.141,739,122,624,1673,523,18,1
215.153.247.39,454,103,491,2031,478,19,1
184.128.126.253,409,117,602,1930,364,15,1
100.234.54.69,393,89,235,1630,262,17,0
155.3.202.170,456,112,488,1439,323,9,0
194.168.225.171,484,89,358,1169,375,9,0
220.69.153.164,535,75,703,1924,427,17,1
102.245.160.90,593,135,664,1559,492,17,1
203.163.149.251,436,92,637,2374,462,14,1
124.166.192.143,700,97,731,1939,474,19,1
201.186.58.102,452,78,419,1358,368,15,0
92.13.236.107,570,117,662,1349,259,16,0
224.149.35.209,592,67,678,1759,399,16,1
255.71.155.123,505,152,483,1450,415,15,0
129.78.216.193,516,111,607,1816,344,12,0
37.229.245.205,602,114,495,1835,444,22,1
214.18.184.43,523,89,430,1317,327,11,0
55.127.181.85,689,116,540,2295,346,23,1
22.204.169.220,480,100,457,1528,340,14,0
54.5.50.132,628,123,499,1992,431,12,1
113.113.228.191,550,121,705,1620,370,20,1
200.237.77.176,700,112,571,1883,396,17,1
12.247.53.151,492,106,626,1868,351,19,1
212.43.59.72,637,87,453,1004,419,17,0
178.159.175.233,555,106,431,2329,393,17,1
105.247.178.243,418,133,619,2133,504,15,1
49.224.231.163,571,122,422,1677,509,19,1
34.153.22.58,394,32,498,1217,342,14,0
11.175.55.84,641,123,471,1878,347,18,1
124.89.81.169,397,94,683,1538,214,7,0
218.236.118.207,515,110,677,1881,317,18,1
94.95.221.202,275,82,514,1566,260,12,0
14.101.230.219,416,112,618,1651,436,18,0
199.2.109.105,321,129,518,2175,419,18,1
142.32.52.95,305,75,553,1668,372,14,0
187.166.100.234,633,118,612,1501,269,18,1
58.134.250.160,636,91,618,2152,335,14,1
198.200.58.178,600,82,709,2227,468,21,1
180.234.88.152,366,78,570,2366,366,19,0
43.68.160.60,456,107,530,1211,338,15,0
122.156.59.93,558,129,446,1850,448,21,1
191.72.198.214,445,120,508,1222,516,15,1
70.196.216.95,608,104,493,1664,333,11,0
249.88.85.250,644,120,603,1636,416,17,1
147.71.95.161,537,97,493,2304,424,18,1
230.27.183.4,561,119,812,1575,565,15,1
248.69.99.196,481,106,641,1058,213,15,0
253.209.251.212,260,105,559,1387,391,14,0
227.250.85.42,436,114,511,981,340,11,0
15.112.149.16,492,124,575,1987,448,18,1
140.115.147.86,460,117,509,1227,369,19,1
234.253.57.58,531,131,601,1792,408,17,1
137.187.21.225,637,90,528,953,393,17,0
111.217.52.126,621,92,483,1698,611,13,1
152.16.230.134,503,107,625,2228,463,18,1
178.44.224.60,615,95,581,1882,357,13,1
121.107.179.219,696,97,423,1551,384,13,1
84.71.105.105,551,87,427,1506,318,12,0
30.179.143.86,466,74,467,1519,233,11,0
165.149.148.136,495,104,764,1912,390,15,1
48.69.210.30,529,52,555,1145,394,13,0
141.64.67.127,499,94,384,1674,266,16,0
74.164.126.201,646,110,638,1054,479,16,1
250.72.137.212,621,94,455,1614,443,12,1
192.231.38.47,563,103,602,1383,301,17,0
206.142.188.232,506,129,552,1955,402,14,1
249.167.1.47,590,58,496,1521,450,13,0
234.183.32.203,578,95,714,1405,458,18,1
111.219.108.253,664,75,389,1249,348,14,0
137.165.145.172,491,91,469,1838,396,20,1
66.248.175.24,631,107,452,1493,352,15,0
23.50.235.8,480,86,598,1358,315,11,0
63.80.225.233,397,85,368,1385,213,20,0
0.219.103.67,511,70,340,1972,542,17,1
154.81.140.47,429,103,464,1375,357,13,0
184.128.42.190,502,65,554,1491,373,16,0
84.26.202.156,610,111,703,2370,408,17,1
119.219.46.48,502,115,553,1400,364,18,1
0.109.244.39,458,117,467,1015,336,21,0
67.115.227.4,670,64,608,1726,245,13,0
4.175.61.216,728,50,426,1601,557,16,1
67.244.36.117,601,114,560,1699,332,17,1
196.45.52.52,562,146,612,1574,345,20,1
160.188.153.70,570,135,635,1714,383,12,1
195.68.73.35,619,114,549,2216,494,11,1
4.84.225.179,360,80,508,1731,348,12,0
109.77.210.226,533,126,371,2017,332,12,1
111.44.51.71,297,71,445,1132,428,12,0
63.196.179.219,500,100,545,1204,394,15,0
161.71.126.141,524,100,416,748,382,11,0
43.127.145.13,511,131,600,1566,457,12,1
154.105.96.200,615,145,545,1773,501,14,0
151.27.122.253,340,98,474,1654,487,16,0
197.57.123.255,415,100,610,1725,368,12,1
36.6.184.162,482,90,418,1508,451,16,0
67.198.215.187,563,55,486,1329,372,16,0
88.241.37.8,724,96,649,1840,443,19,1
34.7.134.110,416,82,519,1721,239,17,0
20.30.203.146,566,80,452,1078,337,20,0
212.216.205.42,457,93,525,1595,295,13,0
78.142.42.158,542,94,659,2036,464,17,1
40.104.79.167,645,132,410,1672,480,15,1
200.33.158.223,622,110,699,1974,279,16,1
122.29.125.44,306,90,474,2274,346,18,0
222.59.232.28,605,84,543,1486,419,10,0
158.89.61.6,694,113,702,1891,400,14,1
70.5.83.254,399,106,381,1315,394,18,0
177.132.85.190,499,73,441,1563,370,17,0
64.137.60.15,607,97,569,1909,433,15,1
171.219.139.32,584,104,524,1837,394,19,1
134.39.254.233,407,63,661,1239,270,15,0
184.28.255.85,395,74,427,1570,276,18,0
188.80.130.52,458,81,455,1909,393,14,0
59.116.1.22,673,127,613,1906,413,19,1
6.125.23.241,612,115,486,2044,403,24,1
186.196.76.91,522,114,559,1721,384,18,1
18.214.114.164,634,127,623,1987,392,17,1
127.213.163.138,181,87,475,1590,415,16,0
39.190.61.26,671,118,586,1528,390,15,1
91.114.23.205,388,108,547,1871,326,23,1
35.238.144.159,523,115,458,1517,459,17,1
167.44.233.4,449,98,623,1614,398,16,1
188.102.149.155,432,61,752,1836,414,14,1
124.237.188.252,574,87,506,1595,450,17,0
100.125.77.3,415,118,525,1193,346,16,0
209.12.119.177,592,128,657,2069,430,15,1
4.171.0.192,456,109,390,1669,272,15,0
157.53.105.121,605,135,748,1594,397,12,1
214.251.30.72,566,112,613,1369,451,17,1
143.47.22.118,335,94,651,1475,248,15,0
211.190.234.43,558,78,439,1394,360,19,0
48.68.201.38,510,104,758,1815,418,14,1
31.222.66.121,406,122,664,1686,414,13,1
149.133.161.201,517,134,644,1242,478,14,1
167.162.231.139,608,87,526,1410,369,10,0
119.38.103.69,642,101,572,1702,506,20,1
55.79.54.84,524,110,703,1956,348,21,1
230.238.160.208,524,122,607,1596,420,17,1
61.183.106.231,429,61,327,1968,353,17,0
157.237.135.61,762,64,494,1268,343,17,1
46.80.155.20,596,99,578,2139,473,16,1
110.167.75.46,503,66,532,1454,496,13,0
127.182.202.25,659,100,589,2017,410,16,1
153.133.89.15,582,107,704,1806,444,12,1
207.231.127.48,435,81,329,1822,353,14,0
236.52.71.62,539,139,607,1680,366,16,1
6.31.113.66,453,97,341,1218,231,16,0
101.205.190.43,457,96,573,1898,302,14,0
132.38.11.33,630,122,586,1754,322,16,1
101.227.65.47,564,87,632,1844,521,14,1
169.62.21.236,630,131,517,2118,404,17,1
25.86.221.202,551,108,710,1506,389,19,1
254.15.195.218,468,103,598,1675,404,10,0
88.181.109.95,363,89,647,1625,340,17,1
140.143.228.76,550,59,493,1479,298,14,0
17.125.151.255,592,126,647,1804,416,14,1
210.245.31.44,656,117,531,1379,477,15,1
143.196.70.214,275,92,672,1574,444,17,1
102.127.9.195,665,73,653,1879,363,10,0
183.245.248.176,545,132,691,2024,416,17,1
164.198.138.92,667,86,529,1768,437,14,1
13.163.112.15,457,143,627,1850,424,20,1
143.29.241.183,619,92,478,1705,346,23,1
119.81.51.126,357,103,556,1881,350,11,0
123.136.28.112,497,103,635,1730,343,18,1
198.181.88.90,648,102,336,1577,353,11,0
121.162.183.14,442,79,400,1824,317,17,0
180.72.96.252,482,87,479,1305,510,10,0
158.89.251.19,546,91,477,1935,345,15,0
46.28.119.112,509,70,396,1101,258,11,0
10.244.0.169,475,105,540,1955,339,13,0
103.66.174.90,594,100,617,1684,445,13,1
165.30.11.75,696,86,487,1449,455,16,0
72.56.186.37,455,70,436,1004,310,11,0
191.202.51.172,480,39,599,1392,246,15,0
154.165.69.80,661,106,743,1504,464,15,1
223.249.162.89,667,158,551,1620,323,16,1
182.114.89.193,577,106,449,1477,320,14,0
157.150.65.90,621,110,639,2043,395,14,1
0.200.16.93,348,85,472,1571,343,14,0
162.113.53.254,621,90,492,1598,392,18,0
72.169.39.121,446,121,661,1489,368,14,1
177.163.85.45,490,67,333,1277,330,17,0
171.228.5.135,485,132,713,2270,411,21,1
107.127.34.179,552,124,601,1586,421,14,1
131.55.0.24,493,104,467,1962,354,9,0
197.224.214.85,492,99,496,1449,375,14,0
211.252.193.179,600,110,591,1785,466,15,1
192.51.245.115,619,103,349,1803,373,19,0
83.231.37.17,505,102,639,1858,377,14,0
150.10.163.133,437,83,508,1485,246,11,0
53.37.175.87,653,99,634,1680,415,13,1
192.82.38.47,675,112,680,1769,442,20,1
173.247.15.220,340,121,413,1606,394,12,0
84.222.80.27,617,85,637,2025,367,17,1
51.169.105.97,627,81,570,1786,369,19,1
209.135.144.152,529,113,671,1952,375,15,1
121.49.25.201,693,111,403,2227,446,16,1
251.78.27.184,544,113,586,1887,478,16,1
1.218.44.150,473,95,450,1599,321,16,0
245.102.49.13,444,86,543,1104,406,15,0
105.87.149.41,462,120,547,804,355,13,0
242.59.157.203,451,78,531,1889,404,17,1
241.250.135.46,417,93,530,1759,398,15,1
198.94.189.195,617,88,495,1376,395,9,0
189.95.228.22,475,77,514,1850,432,17,1
134.225.238.134,363,87,580,1498,493,19,0
115.137.31.77,249,123,471,1819,293,11,0
49.43.176.211,398,90,243,1538,381,11,0
116.31.198.214,429,115,561,1583,378,14,1
243.120.243.153,719,85,501,2052,356,19,1
40.202.17.75,559,78,358,1456,347,15,0
61.229.88.85,393,83,393,1657,356,13,0
108.98.64.21,681,84,514,1386,534,11,0
216.40.222.103,557,116,624,1339,336,14,0
75.132.163.34,527,121,623,1807,339,12,1
44.198.203.166,314,88,540,1788,429,17,1
141.234.6.214,685,95,546,1644,215,16,0
57.212.76.75,324,100,463,1442,342,10,0
51.54.51.146,397,133,532,1289,413,12,1
176.210.135.196,659,141,491,1668,462,21,1
248.242.19.88,700,70,347,1729,410,12,0
141.206.73.205,596,74,469,1434,315,17,0
19.202.169.121,516,65,519,1448,338,13,0
25.243.137.190,617,105,586,2051,362,16,1
10.172.155.159,642,119,557,1592,339,18,1
143.251.50.116,633,130,509,1368,431,14,1
68.153.226.164,488,89,559,1471,266,14,0
137.213.45.96,471,84,386,1384,321,12,0
226.108.208.248,552,113,664,1524,348,13,1
191.28.81.33,485,93,504,1737,447,17,1
159.206.69.14,433,132,437,1647,463,13,0
88.98.102.29,393,78,462,1782,328,16,1
127.16.233.25,549,114,549,1867,293,13,1
184.101.140.188,364,130,592,2004,340,18,0
237.203.63.15,450,110,641,1692,413,19,1
123.190.250.228,478,86,593,1590,361,16,0
90.242.179.176,597,83,551,1377,319,13,0
83.132.46.145,550,86,405,1286,335,9,0
14.197.25.83,307,117,475,1357,371,19,0
109.113.115.105,364,46,434,1385,414,13,0
137.209.10.4,553,121,624,1612,222,11,0
242.67.88.4,364,62,397,2149,324,15,0
114.129.156.140,536,105,675,1591,425,20,1
216.192.178.235,514,82,585,1402,289,13,0
129.111.238.154,366,102,669,1497,458,17,0
203.52.3.191,569,78,558,1891,371,20,1
144.152.55.246,428,119,659,1856,409,13,1
32.172.141.166,500,150,800,2131,447,14,1
141.133.152.96,492,63,449,859,310,16,0
76.123.29.206,402,114,456,1140,293,9,1
163.71.13.254,504,77,335,1381,320,13,0
151.132.214.207,459,99,569,1811,413,9,0
198.18.97.175,515,90,335,1092,326,12,0
113.243.183.153,482,77,471,702,293,13,0
87.92.150.49,692,120,634,1939,471,15,1
241.65.132.93,571,146,611,1850,390,15,1
171.45.113.181,418,86,543,1220,315,10,0
114.157.215.169,472,104,525,1248,357,20,0
190.133.150.237,514,64,620,1253,397,19,0
60.240.27.36,563,91,509,1814,564,13,1
241.99.61.195,464,99,444,1345,400,18,0
152.211.27.77,392,120,435,1648,422,12,0
70.102.175.209,494,117,669,1014,379,17,1
234.73.161.92,421,104,676,1553,346,16,1
41.249.170.90,632,90,545,1210,351,12,0
160.29.2.231,437,85,701,1715,418,19,1
140.107.86.81,491,122,488,1639,342,17,1
250.45.66.222,390,108,655,1730,336,12,0
219.206.219.244,646,101,732,1282,437,13,1
196.2.19.102,432,81,571,1527,371,11,0
191.7.164.97,681,115,755,1935,444,12,1
9.2.127.115,394,81,355,2016,366,14,0
176.159.66.52,488,89,457,1384,315,10,0
196.156.85.33,379,132,438,1602,315,13,0
23.152.148.233,769,105,659,1297,335,20,1
172.222.68.175,344,83,410,869,462,17,0
250.183.96.84,589,97,663,2013,412,16,1
206.9.116.114,523,105,628,1513,333,13,0
67.108.11.86,501,86,567,1833,288,19,0
63.187.19.192,540,97,620,1414,599,18,1
130.24.24.55,448,116,416,1655,279,13,0
10.24.59.213,465,118,428,2019,320,9,0
227.194.63.129,544,98,707,1898,438,18,1
242.78.105.4,555,53,575,1589,386,16,0
154.215.51.138,677,110,501,1517,409,12,0
70.214.53.60,406,76,467,1090,463,14,0
144.58.54.254,326,106,322,1881,380,12,0
101.102.134.103,550,71,498,1620,344,16,1
183.209.151.82,811,128,767,1921,395,9,1
20.254.106.246,382,66,389,1092,367,13,0
169.120.1.6,719,124,612,1466,544,19,1
45.56.252.76,625,90,595,1902,258,12,0
46.38.51.131,504,91,482,1691,488,17,1
118.233.151.135,516,82,521,1907,359,11,0
237.25.51.89,620,104,589,1493,401,15,0
20.148.184.160,423,92,506,1017,341,13,0
218.59.48.23,441,102,763,1755,294,11,0
4.70.87.168,403,129,354,1355,396,17,0
183.224.137.47,361,59,600,1703,389,16,0
190.175.93.58,495,142,579,1791,474,15,1
205.204.233.139,341,92,574,1098,347,15,0
197.244.215.85,562,92,634,1829,373,18,1
57.67.30.81,385,64,439,2107,248,15,0
53.213.247.224,581,106,615,1918,464,12,1
92.194.183.14,406,128,427,1769,439,19,1
66.247.249.57,591,107,649,2075,350,15,1
210.225.23.32,542,120,531,1571,313,13,0
133.160.6.114,265,61,562,1571,318,21,0
173.48.221.127,595,110,690,1490,317,17,1
246.177.197.76,581,65,538,1578,295,12,0
27.5.80.240,440,117,608,2064,339,10,1
253.84.38.251,624,108,425,1289,321,18,0
164.123.169.142,600,102,530,2169,364,13,1
25.114.193.206,489,58,701,1760,307,14,1
120.40.235.227,455,94,634,1275,477,13,0
229.45.255.228,613,119,573,2054,492,21,1
161.60.254.9,468,98,509,1437,298,16,0
52.206.211.18,611,135,513,1990,429,16,1
0.46.155.105,468,89,700,1706,438,17,1
233.174.186.27,477,104,564,1498,424,12,0
114.232.169.242,322,114,679,1648,295,14,0
186.231.58.49,450,55,425,1593,417,14,0
113.1.174.181,470,116,560,1246,376,19,1
149.191.54.23,388,80,525,1212,262,16,0
84.252.71.209,680,108,653,2035,458,18,1
54.130.100.96,665,117,575,1749,494,15,1
61.201.110.234,520,80,426,1373,513,16,0
97.173.55.212,353,77,584,1148,271,13,0
23.63.230.234,527,111,659,1493,456,13,1
68.255.2.24,677,88,512,1239,385,15,1
221.247.90.88,474,68,626,1487,398,14,0
65.53.198.164,688,104,610,1353,253,16,0
196.214.127.140,499,67,517,1254,267,13,0
203.175.150.231,479,103,512,1496,298,10,0
68.70.211.153,430,99,554,1613,353,14,0
160.111.102.107,572,76,517,2350,370,17,1
148.176.67.91,544,96,597,1376,454,17,1
165.59.180.245,628,134,401,2098,477,19,1
213.146.216.6,652,90,673,2047,450,19,1
54.12.195.74,383,81,364,1304,451,12,0
27.28.102.136,330,99,640,1569,374,12,0
82.146.128.74,281,106,475,1391,270,11,0
31.151.104.16,608,105,575,1835,499,18,1
183.231.52.114,450,98,538,2192,373,21,1
199.121.147.24,250,118,479,1678,406,13,0
195.198.213.160,499,125,632,1652,448,13,0
27.6.128.103,803,129,371,1668,441,21,1
226.115.188.100,558,112,709,1384,316,18,1
99.150.229.90,543,74,535,1458,289,15,0
38.95.88.61,469,74,396,1840,432,10,0
193.20.219.142,549,120,498,1372,401,18,1
135.66.82.130,551,98,655,1230,353,11,0
2.169.238.79,432,118,419,1549,396,10,0
20.78.165.26,487,103,401,1249,392,13,0
154.251.183.37,590,80,697,1571,429,15,1
162.112.94.34,493,131,625,1670,398,16,1
81.212.206.47,656,90,510,1416,391,12,1
178.113.109.169,541,102,614,1521,466,19,1
169.184.150.111,484,115,502,1974,447,20,1
243.4.58.177,611,150,694,1432,395,11,1
228.123.124.20,470,172,690,1353,481,19,1
164.195.58.197,463,102,552,1344,339,11,0
131.144.12.191,460,86,537,1712,293,16,0
228.249.22.151,567,101,663,1461,299,13,0
98.164.42.49,507,108,504,1389,285,14,0
85.3.33.107,458,84,398,1526,330,13,0
109.217.53.105,541,126,545,1043,426,17,0
222.36.78.12,597,95,692,1648,296,10,0
235.169.19.44,613,120,503,1888,424,18,1
37.27.91.128,560,123,562,1674,369,20,1
36.116.132.208,332,98,542,1786,331,16,0
198.230.207.221,356,107,500,1210,251,20,0
161.8.199.60,529,98,506,2089,397,15,1
3.32.23.37,401,79,605,1556,335,16,0
183.54.148.154,442,68,713,1424,382,13,0
44.144.224.195,564,119,612,1779,426,20,1
202.15.242.80,512,106,423,1486,271,14,0
112.69.200.151,552,119,455,2114,481,15,1
73.152.191.5,508,123,528,1224,361,17,0
72.63.21.2,565,110,694,1579,424,15,1
201.43.156.107,365,123,637,2064,411,12,1
176.108.211.72,466,88,594,1624,378,15,1
82.94.113.129,446,82,451,1758,361,15,0
99.58.92.27,440,124,496,2243,442,20,1
236.37.148.34,519,107,580,1406,236,14,0
128.50.101.249,611,84,587,1698,313,17,0
169.182.65.120,580,89,365,1203,331,10,0
51.145.35.99,440,60,648,1718,364,12,0
162.248.230.168,705,103,646,1838,488,16,1
156.78.186.161,573,128,720,1912,362,16,1
219.86.2.160,427,101,384,1340,316,14,0
126.113.223.141,400,100,382,1066,315,16,0
184.68.169.245,529,111,581,1920,360,15,1
236.228.183.156,422,90,550,957,325,14,0
249.55.89.41,575,97,756,1699,461,16,1
143.71.100.134,476,104,568,1769,280,11,0
39.38.9.15,461,98,483,1566,375,13,0
207.108.18.133,601,120,502,2311,303,16,1
241.76.187.200,577,80,615,1791,312,13,0
114.148.68.237,652,67,508,1608,390,17,1
46.203.186.5,315,112,651,1522,455,14,0
122.84.71.228,210,81,479,1502,330,12,0
81.91.74.247,552,73,648,1087,207,17,0
183.20.112.249,425,124,656,1531,284,13,1
118.32.135.189,438,82,492,1363,350,11,0
119.21.105.184,346,111,458,965,387,22,0
198.240.232.23,284,102,474,1527,372,11,0
20.165.52.140,514,104,543,1447,358,10,0
134.89.192.193,633,83,601,1333,486,19,1
187.39.128.192,502,134,541,1894,377,10,1
114.207.180.176,207,95,490,1708,405,13,0
249.246.3.71,505,103,602,1846,307,23,1
225.84.117.39,499,93,313,1427,290,9,0
143.108.76.95,316,55,546,1674,232,8,0
80.185.60.117,478,98,416,1698,330,9,0
212.169.58.246,557,89,491,1867,409,19,1
245.245.107.82,615,83,443,1562,419,20,1
210.11.124.22,570,80,433,1859,415,15,1
65.82.68.20,463,132,473,2107,352,18,1
75.28.85.132,676,97,531,1623,399,20,1
92.207.9.145,543,140,770,2351,316,22,1
43.110.229.241,556,99,547,1643,499,16,1
246.87.112.210,467,76,610,1793,392,10,1
73.93.135.85,515,88,631,1603,380,14,1
175.232.35.117,374,115,516,1575,449,12,0
193.197.67.55,542,107,588,1314,332,16,1
8.103.214.76,726,99,487,1637,339,16,1
49.90.243.19,424,113,725,1490,341,20,1
60.47.246.66,400,120,757,1821,407,20,1
0.220.215.189,703,132,443,2053,439,16,1
22.219.117.246,538,139,502,1959,459,20,1
195.179.50.217,493,103,569,1144,576,17,1
68.130.244.119,660,84,508,2336,268,17,1
42.145.209.131,499,102,640,1864,450,19,1
96.2.3.60,737,115,529,1575,376,17,1
3.192.105.161,625,91,789,1827,374,22,1
209.185.54.79,413,71,612,1562,308,9,0
218.129.133.216,672,97,524,1334,289,12,0
187.141.203.104,499,109,687,1838,519,16,1
211.247.91.189,631,111,694,1620,465,18,1
247.129.157.176,490,75,454,1405,349,17,0
